"Reporting starts","Reporting ends","Ad name","Ad delivery","Ad set name",Bid,"Bid Type","Ad set budget","Ad set budget type","Last significant edit","Attribution setting",Results,"Result indicator",Reach,Impressions,"Cost per results","Quality ranking","Engagement rate ranking","Conversion rate ranking","Amount spent (INR)",Ends
2023-09-14,2024-08-23,"New Leads ad",inactive,"New Leads ad set",0,ABSOLUTE_OCPM,800,Daily,2023-09-15T02:14:24+0530,"7-day click or 1-day view",2,actions:offsite_conversion.custom.273944142071330,2301,2857,225,-,-,-,450,நடப்பிலுள்ள
2023-09-14,2024-08-23,meme,inactive,marketing,0,ABSOLUTE_OCPM,200,Daily,0,"7-day click or 1-day view",43,actions:offsite_conversion.custom.965885947820970,1797,3263,2.36372093,-,-,-,101.64,நடப்பிலுள்ள
2023-09-14,2024-08-23,meme,inactive,"digital marketing",0,ABSOLUTE_OCPM,200,Daily,0,"7-day click or 1-day view",74,actions:offsite_conversion.custom.965885947820970,1765,3183,1.41797297,-,-,-,104.93,நடப்பிலுள்ள
2023-09-14,2024-08-23,meme,inactive,"marketing manager narrow",0,ABSOLUTE_OCPM,200,Daily,0,"7-day click or 1-day view",48,actions:offsite_conversion.custom.965885947820970,1192,2473,2.04645833,-,-,-,98.23,நடப்பிலுள்ள
2023-09-14,2024-08-23,"New Leads ad",inactive,"New Leads ad set",0,ABSOLUTE_OCPM,800,Daily,0,"7-day click or 1-day view",,,4271,4634,,-,-,-,289.8,நடப்பிலுள்ள
2023-09-14,2024-08-23,"New Leads ad",inactive,"New Leads ad set",0,ABSOLUTE_OCPM,800,Daily,0,"7-day click or 1-day view",28,conversions:subscribe_website,7526,8009,22.20321429,-,-,-,621.69,நடப்பிலுள்ள
2023-09-14,2024-08-23,"New Leads ad",inactive,"New Leads ad set – Copy",0,ABSOLUTE_OCPM,800,Daily,0,"7-day click or 1-day view",2,conversions:subscribe_website,2824,3322,114.27,-,-,-,228.54,நடப்பிலுள்ள
2023-09-14,2024-08-23,"New Leads ad",inactive,"New Leads ad set – Copy 2",0,ABSOLUTE_OCPM,800,Daily,0,"7-day click or 1-day view",3,conversions:subscribe_website,2430,2917,72.71,-,-,-,218.13,நடப்பிலுள்ள
2023-09-14,2024-08-23,"New Leads ad",inactive,"New Leads ad set",0,ABSOLUTE_OCPM,800,Daily,0,"7-day click or 1-day view",7,conversions:subscribe_website,1152,1239,16.18142857,-,-,-,113.27,நடப்பிலுள்ள
2023-09-14,2024-08-23,meme,inactive,"New Leads ad set",0,ABSOLUTE_OCPM,800,Daily,0,"7-day click or 1-day view",44,conversions:subscribe_website,6458,7851,13.64204545,-,-,-,600.25,நடப்பிலுள்ள
2023-09-14,2024-08-23,"New Leads ad",inactive,"New Leads ad set – narrow",0,ABSOLUTE_OCPM,800,Daily,0,"7-day click or 1-day view",1,conversions:subscribe_website,914,932,46.09,-,-,-,46.09,நடப்பிலுள்ள
2023-09-14,2024-08-23,meme,inactive,"New Leads ad set – narrow",0,ABSOLUTE_OCPM,800,Daily,0,"7-day click or 1-day view",41,conversions:subscribe_website,6095,7207,14.9297561,-,-,-,612.12,நடப்பிலுள்ள
2023-09-14,2024-08-23,"New Leads ad",inactive,"New Leads ad set",0,ABSOLUTE_OCPM,400,Daily,0,"7-day click or 1-day view",34,actions:offsite_conversion.custom.965885947820970,1147,1378,3.07970588,-,-,-,104.71,நடப்பிலுள்ள
2023-09-14,2024-08-23,"New Leads ad",inactive,"New Leads ad set",0,ABSOLUTE_OCPM,600,Daily,2023-12-24T00:03:02+0530,"7-day click or 1-day view",3414,conversions:subscribe_website,403854,938335,9.5184505,-,-,-,32495.99,நடப்பிலுள்ள
2023-09-14,2024-08-23,"New Traffic ad",inactive,"New Traffic ad set",0,ABSOLUTE_OCPM,400,Daily,0,"7-day click or 1-day view",73,actions:landing_page_view,1722,2294,2.54986301,-,-,-,186.14,நடப்பிலுள்ள
2023-09-14,2024-08-23,"New Leads ad",inactive,"narrow high quality",0,ABSOLUTE_OCPM,200,Daily,0,"7-day click or 1-day view",132,conversions:subscribe_website,11835,20281,12.06530303,-,-,-,1592.62,நடப்பிலுள்ள
2023-09-14,2024-08-23,"New Leads ad",inactive,stacked,0,ABSOLUTE_OCPM,200,Daily,0,"7-day click or 1-day view",87,conversions:subscribe_website,10965,15395,14.12321839,-,-,-,1228.72,நடப்பிலுள்ள
2023-09-14,2024-08-23,"New Leads ad",inactive,"stacked only metro",0,ABSOLUTE_OCPM,200,Daily,0,"7-day click or 1-day view",37,conversions:subscribe_website,4348,5749,13.52918919,-,-,-,500.58,நடப்பிலுள்ள
2023-09-14,2024-08-23,"New Leads ad",inactive,niche,0,ABSOLUTE_OCPM,3000,Daily,2023-10-09T13:57:03+0530,"7-day click or 1-day view",4629,conversions:subscribe_website,836159,1654190,10.53743357,-,-,-,48777.78,நடப்பிலுள்ள
2023-09-14,2024-08-23,"New Leads ad",inactive,"New Leads ad set",0,ABSOLUTE_OCPM,"Using campaign budget",0,0,"7-day click or 1-day view",36,conversions:subscribe_website,19269,19927,21.09694444,-,-,-,759.49,நடப்பிலுள்ள
2023-09-14,2024-08-23,"New Leads ad – Copy 1",inactive,"New Leads ad set",0,ABSOLUTE_OCPM,"Using campaign budget",0,0,"7-day click or 1-day view",,,51,51,,-,-,-,2.38,நடப்பிலுள்ள
2023-09-14,2024-08-23,"New Leads ad – Copy 2",inactive,"New Leads ad set",0,ABSOLUTE_OCPM,"Using campaign budget",0,0,"7-day click or 1-day view",1,conversions:subscribe_website,167,174,6.2,-,-,-,6.2,நடப்பிலுள்ள
2023-09-14,2024-08-23,"New Leads ad – Copy 3",inactive,"New Leads ad set",0,ABSOLUTE_OCPM,"Using campaign budget",0,0,"7-day click or 1-day view",1,conversions:subscribe_website,257,270,20.46,-,-,-,20.46,நடப்பிலுள்ள
2023-09-14,2024-08-23,"New Leads ad",inactive,"New Leads ad set",0,ABSOLUTE_OCPM,800,Daily,0,"7-day click or 1-day view",49,conversions:subscribe_website,30988,31582,14.72857143,-,-,-,721.7,நடப்பிலுள்ள
2023-09-14,2024-08-23,"New Leads ad – Copy",inactive,"New Leads ad set",0,ABSOLUTE_OCPM,800,Daily,0,"7-day click or 1-day view",11,conversions:subscribe_website,2117,2288,10.68818182,-,-,-,117.57,நடப்பிலுள்ள
2023-09-14,2024-08-23,"New Leads ad – Copy",inactive,broad,0,ABSOLUTE_OCPM,800,Daily,0,"7-day click or 1-day view",10,conversions:subscribe_website,2296,2478,16.625,-,-,-,166.25,நடப்பிலுள்ள
2023-09-14,2024-08-23,"New Leads ad",inactive,broad,0,ABSOLUTE_OCPM,800,Daily,0,"7-day click or 1-day view",40,conversions:subscribe_website,14353,14711,16.973,-,-,-,678.92,நடப்பிலுள்ள
2023-09-14,2024-08-23,"New Engagement ad",inactive,"New Engagement ad set test 1 mm",0,ABSOLUTE_OCPM,800,Daily,0,"7-day click or 1-day view",15,conversions:subscribe_website,4767,5258,23.52,-,-,-,352.8,நடப்பிலுள்ள
2023-09-14,2024-08-23,"New Leads ad",inactive,"New Leads ad set",0,ABSOLUTE_OCPM,800,Daily,2023-10-28T17:44:22+0530,"7-day click or 1-day view",5,conversions:subscribe_website,10621,11506,107.63,-,-,-,538.15,நடப்பிலுள்ள
2023-09-14,2024-08-23,"New Leads ad",inactive,"New Leads ad set – Copy",0,ABSOLUTE_OCPM,800,Daily,2023-10-28T17:43:44+0530,"7-day click or 1-day view",8,conversions:subscribe_website,9935,10111,92.00875,-,-,-,736.07,நடப்பிலுள்ள
2023-09-14,2024-08-23,"New Leads ad",inactive,"New Leads ad set",0,ABSOLUTE_OCPM,800,Daily,0,"7-day click or 1-day view",7,conversions:subscribe_website,4229,4638,50.70285714,-,-,-,354.92,நடப்பிலுள்ள
2023-09-14,2024-08-23,"New Leads ad",inactive,"New Leads ad set – Copy",0,ABSOLUTE_OCPM,800,Daily,0,"7-day click or 1-day view",13,conversions:subscribe_website,4806,5368,35.33923077,-,-,-,459.41,நடப்பிலுள்ள
2023-09-14,2024-08-23,"New Leads ad",inactive,"New Leads ad set",0,ABSOLUTE_OCPM,200,Daily,0,"7-day click or 1-day view",2,conversions:subscribe_website,882,922,38.37,-,-,-,76.74,நடப்பிலுள்ள
2023-09-14,2024-08-23,"New Leads ad",inactive,"New Leads ad set – Copy",0,ABSOLUTE_OCPM,200,Daily,0,"7-day click or 1-day view",2,conversions:subscribe_website,668,690,31.745,-,-,-,63.49,நடப்பிலுள்ள
2023-09-14,2024-08-23,"New Leads ad",inactive,"New Leads ad set – Copy 2",0,ABSOLUTE_OCPM,200,Daily,2023-11-02T13:44:09+0530,"7-day click or 1-day view",,,615,639,,-,-,-,65.02,நடப்பிலுள்ள
2023-09-14,2024-08-23,"New Leads ad",inactive,"New Leads ad set",0,ABSOLUTE_OCPM,200,Daily,0,"7-day click or 1-day view",,,501,508,,-,-,-,44.14,நடப்பிலுள்ள
2023-09-14,2024-08-23,"New Leads ad – Copy",inactive,"New Leads ad set",0,ABSOLUTE_OCPM,200,Daily,0,"7-day click or 1-day view",,,25,25,,-,-,-,1.91,நடப்பிலுள்ள
2023-09-14,2024-08-23,"New Leads ad – Copy 2",inactive,"New Leads ad set",0,ABSOLUTE_OCPM,200,Daily,0,"7-day click or 1-day view",,,220,232,,-,-,-,32.26,நடப்பிலுள்ள
2023-09-14,2024-08-23,"New Leads ad",inactive,"New Leads ad set – Copy",0,ABSOLUTE_OCPM,200,Daily,0,"7-day click or 1-day view",,,517,534,,-,-,-,39.79,நடப்பிலுள்ள
2023-09-14,2024-08-23,"New Leads ad – Copy 2",inactive,"New Leads ad set – Copy",0,ABSOLUTE_OCPM,200,Daily,0,"7-day click or 1-day view",,,259,276,,-,-,-,37.91,நடப்பிலுள்ள
2023-09-14,2024-08-23,"New Leads ad – Copy",inactive,"New Leads ad set – Copy",0,ABSOLUTE_OCPM,200,Daily,0,"7-day click or 1-day view",,,6,8,,-,-,-,0.12,நடப்பிலுள்ள
2023-09-14,2024-08-23,"New Leads ad",inactive,"New Leads ad set – Copy",0,ABSOLUTE_OCPM,200,Daily,0,"7-day click or 1-day view",,,162,164,,-,-,-,12.02,நடப்பிலுள்ள
2023-09-14,2024-08-23,"New Leads ad – Copy 2",inactive,"New Leads ad set – Copy",0,ABSOLUTE_OCPM,200,Daily,0,"7-day click or 1-day view",,,569,621,,-,-,-,65.81,நடப்பிலுள்ள
2023-09-14,2024-08-23,"New Leads ad – Copy",inactive,"New Leads ad set – Copy",0,ABSOLUTE_OCPM,200,Daily,0,"7-day click or 1-day view",,,67,69,,-,-,-,4.31,நடப்பிலுள்ள
2023-09-14,2024-08-23,"New Leads ad",inactive,"New Leads ad set",8,ABSOLUTE_OCPM,4050,Daily,2023-11-08T00:10:29+0530,"7-day click or 1-day view",1221,conversions:subscribe_website,240157,353723,9.34145782,-,-,-,11405.92,நடப்பிலுள்ள
2023-09-14,2024-08-23,"New Leads ad",inactive,"New Leads ad set – Copy",0,ABSOLUTE_OCPM,200,Daily,0,"7-day click or 1-day view",7,conversions:subscribe_website,4638,4717,27.88428571,-,-,-,195.19,நடப்பிலுள்ள
2023-09-14,2024-08-23,"New Leads ad",inactive,"New Leads ad set – Copy",0,ABSOLUTE_OCPM,200,Daily,0,"7-day click or 1-day view",5,conversions:subscribe_website,1379,1511,39.792,-,-,-,198.96,நடப்பிலுள்ள
2023-09-14,2024-08-23,"New Leads ad",inactive,"New Leads ad set",0,ABSOLUTE_OCPM,1200,Daily,2023-11-10T22:01:51+0530,"7-day click or 1-day view",108,conversions:subscribe_website,40883,49533,35.01833333,-,-,-,3781.98,நடப்பிலுள்ள
2023-09-14,2024-08-23,"New Leads ad",inactive,"New Leads ad set – Copy",0,ABSOLUTE_OCPM,300,Daily,2023-11-06T21:32:51+0530,"7-day click or 1-day view",78,conversions:subscribe_website,15839,20491,16.7975641,-,-,-,1310.21,நடப்பிலுள்ள
2023-09-14,2024-08-23,"New Leads ad",inactive,"New Leads ad set – Copy",0,ABSOLUTE_OCPM,200,Daily,0,"7-day click or 1-day view",4,conversions:subscribe_website,1466,1588,49.4,-,-,-,197.6,நடப்பிலுள்ள
2023-09-14,2024-08-23,"New Leads ad",inactive,"New Leads ad set",8,ABSOLUTE_OCPM,800,Daily,0,"7-day click or 1-day view",,,17,17,,-,-,-,0.44,நடப்பிலுள்ள
2023-09-14,2024-08-23,"New Leads ad",inactive,"New Leads ad set – Copy",0,ABSOLUTE_OCPM,200,Daily,0,"7-day click or 1-day view",7,conversions:subscribe_website,2685,2905,28.19,-,-,-,197.33,நடப்பிலுள்ள
2023-09-14,2024-08-23,"New Leads ad",inactive,"New Leads ad set",8,ABSOLUTE_OCPM,800,Daily,0,"7-day click or 1-day view",,,267,271,,-,-,-,6.89,நடப்பிலுள்ள
2023-09-14,2024-08-23,"New Leads ad",inactive,"New Leads ad set – Copy",0,ABSOLUTE_OCPM,200,Daily,0,"7-day click or 1-day view",7,conversions:subscribe_website,2615,3185,27.64142857,-,-,-,193.49,நடப்பிலுள்ள
2023-09-14,2024-08-23,"New Leads ad",inactive,"New Leads ad set – Copy",0,ABSOLUTE_OCPM,200,Daily,0,"7-day click or 1-day view",7,conversions:subscribe_website,2377,2859,28.08,-,-,-,196.56,நடப்பிலுள்ள
2023-09-14,2024-08-23,"New Leads ad",inactive,"New Leads ad set",0,ABSOLUTE_OCPM,200,Daily,0,"7-day click or 1-day view",1,actions:offsite_conversion.custom.273944142071330,2478,2657,329.64,-,-,-,329.64,நடப்பிலுள்ள
2023-09-14,2024-08-23,"New Leads ad",inactive,"New Leads ad set – Copy",0,ABSOLUTE_OCPM,200,Daily,0,"7-day click or 1-day view",1,actions:offsite_conversion.custom.273944142071330,2445,2601,326.71,-,-,-,326.71,நடப்பிலுள்ள
2023-09-14,2024-08-23,"New Leads ad",inactive,"New Leads ad set – Copy 2",0,ABSOLUTE_OCPM,200,Daily,0,"7-day click or 1-day view",,,2340,2492,,-,-,-,335.05,நடப்பிலுள்ள
2023-09-14,2024-08-23,"New Leads ad",inactive,"New Leads ad set",0,ABSOLUTE_OCPM,200,Daily,0,"7-day click or 1-day view",,,737,835,,-,-,-,183.45,நடப்பிலுள்ள
2023-09-14,2024-08-23,"New Leads ad",inactive,"New Leads ad set – Copy",0,ABSOLUTE_OCPM,200,Daily,0,"7-day click or 1-day view",,,753,881,,-,-,-,186.26,நடப்பிலுள்ள
2023-09-14,2024-08-23,"New Leads ad",inactive,"New Leads ad set – Copy 2",0,ABSOLUTE_OCPM,200,Daily,0,"7-day click or 1-day view",,,676,803,,-,-,-,193.36,நடப்பிலுள்ள
2023-09-14,2024-08-23,"New Leads ad",inactive,"New Leads ad set – Copy",0,ABSOLUTE_OCPM,200,Daily,0,"7-day click or 1-day view",,,986,1150,,-,-,-,187.19,நடப்பிலுள்ள
2023-09-14,2024-08-23,"New Leads ad",inactive,"New Leads ad set – Copy",0,ABSOLUTE_OCPM,200,Daily,0,"7-day click or 1-day view",1,actions:offsite_conversion.custom.273944142071330,1014,1167,181.77,-,-,-,181.77,நடப்பிலுள்ள
2023-09-14,2024-08-23,"New Leads ad",inactive,"New Leads ad set",0,ABSOLUTE_OCPM,3600,Daily,2024-01-11T21:07:02+0530,"7-day click or 1-day view",6364,conversions:subscribe_website,712820,2061369,13.24584538,-,-,-,84296.56,நடப்பிலுள்ள
2023-09-14,2024-08-23,"New Leads ad",inactive,"New Leads ad set – Copy",0,ABSOLUTE_OCPM,800,Daily,2024-01-08T23:48:37+0530,"7-day click or 1-day view",313,conversions:subscribe_website,102432,119877,19.36035144,-,-,-,6059.79,நடப்பிலுள்ள
2023-09-14,2024-08-23,"New Leads ad",inactive,"New Leads ad set – Copy 2",0,ABSOLUTE_OCPM,600,Daily,2024-01-04T21:41:43+0530,"7-day click or 1-day view",733,conversions:subscribe_website,128656,197767,11.230191,-,-,-,8231.73,நடப்பிலுள்ள
2023-09-14,2024-08-23,"New Leads ad",inactive,"New Leads ad set",0,ABSOLUTE_OCPM,400,Daily,0,"7-day click or 1-day view",21,conversions:subscribe_website,8114,10124,27.7552381,-,-,-,582.86,நடப்பிலுள்ள
2023-09-14,2024-08-23,"New Leads ad",inactive,"New Leads ad set – Copy",0,ABSOLUTE_OCPM,400,Daily,0,"7-day click or 1-day view",25,conversions:subscribe_website,8609,10876,23.5388,-,-,-,588.47,நடப்பிலுள்ள
2023-09-14,2024-08-23,"New Leads ad",inactive,"New Leads ad set – Copy 2",0,ABSOLUTE_OCPM,400,Daily,0,"7-day click or 1-day view",4,conversions:subscribe_website,2478,2714,39.3675,-,-,-,157.47,நடப்பிலுள்ள
2023-09-14,2024-08-23,"New Leads ad",inactive,"New Leads ad set",0,ABSOLUTE_OCPM,400,Daily,0,"7-day click or 1-day view",11,conversions:subscribe_website,4646,5124,29.07636364,-,-,-,319.84,நடப்பிலுள்ள
2023-09-14,2024-08-23,"New Leads ad",inactive,city,0,ABSOLUTE_OCPM,400,Daily,0,"7-day click or 1-day view",9,conversions:subscribe_website,4314,4691,35.28555556,-,-,-,317.57,நடப்பிலுள்ள
2023-09-14,2024-08-23,"New Leads ad",inactive,"city – Copy",0,ABSOLUTE_OCPM,400,Daily,0,"7-day click or 1-day view",13,conversions:subscribe_website,4374,4769,24.71153846,-,-,-,321.25,நடப்பிலுள்ள
2023-09-14,2024-08-23,"New Leads ad",inactive,"New Leads ad set – Copy",0,ABSOLUTE_OCPM,400,Daily,0,"7-day click or 1-day view",11,conversions:subscribe_website,4642,5225,28.71181818,-,-,-,315.83,நடப்பிலுள்ள
2023-09-14,2024-08-23,"New Leads ad",inactive,"New Leads ad set – Copy",0,ABSOLUTE_OCPM,400,Daily,0,"7-day click or 1-day view",,,419,436,,-,-,-,76.37,நடப்பிலுள்ள
2023-09-14,2024-08-23,"New Leads ad – Copy",inactive,"New Leads ad set – Copy",0,ABSOLUTE_OCPM,400,Daily,0,"7-day click or 1-day view",7,conversions:subscribe_website,1604,1782,35.28142857,-,-,-,246.97,நடப்பிலுள்ள
2023-09-14,2024-08-23,"New Leads ad",inactive,"New Leads ad set – Copy 2",0,ABSOLUTE_OCPM,400,Daily,0,"7-day click or 1-day view",2,conversions:subscribe_website,549,575,38.08,-,-,-,76.16,நடப்பிலுள்ள
2023-09-14,2024-08-23,"New Leads ad – Copy",inactive,"New Leads ad set – Copy 2",0,ABSOLUTE_OCPM,400,Daily,0,"7-day click or 1-day view",6,conversions:subscribe_website,1833,2107,42.485,-,-,-,254.91,நடப்பிலுள்ள
2023-09-14,2024-08-23,"New Leads ad",inactive,"New Leads ad set – Copy 2",0,ABSOLUTE_OCPM,400,Daily,0,"7-day click or 1-day view",2,conversions:subscribe_website,407,419,36.445,-,-,-,72.89,நடப்பிலுள்ள
2023-09-14,2024-08-23,"New Leads ad – Copy",inactive,"New Leads ad set – Copy 2",0,ABSOLUTE_OCPM,400,Daily,0,"7-day click or 1-day view",5,conversions:subscribe_website,1615,1784,50.218,-,-,-,251.09,நடப்பிலுள்ள
2023-09-14,2024-08-23,"New Leads ad",inactive,"New Leads ad set",0,ABSOLUTE_OCPM,200,Daily,0,"7-day click or 1-day view",194,conversions:subscribe_website,48148,65540,11.74159794,-,-,-,2277.87,நடப்பிலுள்ள
2023-09-14,2024-08-23,"New Leads ad",inactive,"New Leads ad set – Copy",0,ABSOLUTE_OCPM,200,Daily,0,"7-day click or 1-day view",20,conversions:subscribe_website,5421,5942,13.8085,-,-,-,276.17,நடப்பிலுள்ள
2023-09-14,2024-08-23,"New Leads ad",inactive,"New Leads ad set – Copy",0,ABSOLUTE_OCPM,200,Daily,0,"7-day click or 1-day view",208,conversions:subscribe_website,49098,64348,10.95293269,-,-,-,2278.21,நடப்பிலுள்ள
2023-09-14,2024-08-23,"New Leads ad",inactive,"New Leads ad set – Copy",0,ABSOLUTE_OCPM,200,Daily,0,"7-day click or 1-day view",141,conversions:subscribe_website,42070,56157,14.55092199,-,-,-,2051.68,நடப்பிலுள்ள
2023-09-14,2024-08-23,"New Leads ad",inactive,"New Leads ad set – Copy",0,ABSOLUTE_OCPM,200,Daily,0,"7-day click or 1-day view",14,conversions:subscribe_website,5309,5750,18.75571429,-,-,-,262.58,நடப்பிலுள்ள
2023-09-14,2024-08-23,"New Leads ad",inactive,"New Leads ad set",0,ABSOLUTE_OCPM,200,Daily,0,"7-day click or 1-day view",11,conversions:subscribe_website,4867,5192,23.32636364,-,-,-,256.59,நடப்பிலுள்ள
2023-09-14,2024-08-23,"New Leads ad",inactive,"New Leads ad set – Copy",0,ABSOLUTE_OCPM,200,Daily,0,"7-day click or 1-day view",14,conversions:subscribe_website,5396,5683,18.28642857,-,-,-,256.01,நடப்பிலுள்ள
2023-09-14,2024-08-23,"New Leads ad",inactive,"New Leads ad set – Copy",0,ABSOLUTE_OCPM,200,Daily,0,"7-day click or 1-day view",11,conversions:subscribe_website,5030,5332,23.20909091,-,-,-,255.3,நடப்பிலுள்ள
2023-09-14,2024-08-23,"New Leads ad",inactive,"New Leads ad set",0,ABSOLUTE_OCPM,200,Daily,0,"7-day click or 1-day view",1,conversions:subscribe_website,840,877,67.49,-,-,-,67.49,நடப்பிலுள்ள
2023-09-14,2024-08-23,"New Leads ad",inactive,"New Leads ad set – Copy",0,ABSOLUTE_OCPM,200,Daily,0,"7-day click or 1-day view",4,conversions:subscribe_website,875,899,17.0675,-,-,-,68.27,நடப்பிலுள்ள
2023-09-14,2024-08-23,"New Leads ad",inactive,"New Leads ad set – Copy",0,ABSOLUTE_OCPM,200,Daily,0,"7-day click or 1-day view",2,conversions:subscribe_website,1002,1038,33.565,-,-,-,67.13,நடப்பிலுள்ள
2023-09-14,2024-08-23,"New Leads ad",inactive,"New Leads ad set – Copy",0,ABSOLUTE_OCPM,200,Daily,2023-11-27T01:59:18+0530,"7-day click or 1-day view",3,conversions:subscribe_website,989,1038,24.66333333,-,-,-,73.99,நடப்பிலுள்ள
2023-09-14,2024-08-23,"New Leads ad",inactive,marketing,0,ABSOLUTE_OCPM,600,Daily,2023-12-10T02:27:28+0530,"7-day click or 1-day view",192,conversions:subscribe_website,44044,52865,13.893125,-,-,-,2667.48,நடப்பிலுள்ள
2023-09-14,2024-08-23,"New Leads ad",inactive,"marketing – Copy",0,ABSOLUTE_OCPM,300,Daily,0,"7-day click or 1-day view",8,conversions:subscribe_website,3705,3875,24.11625,-,-,-,192.93,நடப்பிலுள்ள
2023-09-14,2024-08-23,"New Leads ad",inactive,"marketing – Copy",0,ABSOLUTE_OCPM,600,Daily,2023-12-08T00:36:46+0530,"7-day click or 1-day view",256,conversions:subscribe_website,52526,65056,12.86160156,-,-,-,3292.57,நடப்பிலுள்ள
2023-09-14,2024-08-23,"New Leads ad",inactive,"New Leads ad set",0,ABSOLUTE_OCPM,400,Daily,0,"7-day click or 1-day view",22,conversions:subscribe_website,8757,9839,25.7,-,-,-,565.4,நடப்பிலுள்ள
2023-09-14,2024-08-23,"New Leads ad",inactive,"New Leads ad set – Copy",0,ABSOLUTE_OCPM,400,Daily,0,"7-day click or 1-day view",20,conversions:subscribe_website,8592,9473,28.3515,-,-,-,567.03,நடப்பிலுள்ள
2023-09-14,2024-08-23,"New Leads ad",inactive,"New Leads ad set – Copy",0,ABSOLUTE_OCPM,400,Daily,0,"7-day click or 1-day view",28,conversions:subscribe_website,8501,9692,20.15571429,-,-,-,564.36,நடப்பிலுள்ள
2023-09-14,2024-08-23,"New Leads ad",inactive,"New Leads ad set",0,ABSOLUTE_OCPM,200,Daily,0,"7-day click or 1-day view",2,conversions:subscribe_website,2973,3376,154.615,-,-,-,309.23,நடப்பிலுள்ள
2023-09-14,2024-08-23,"New Leads ad",inactive,"New Leads ad set – Copy",0,ABSOLUTE_OCPM,200,Daily,0,"7-day click or 1-day view",12,conversions:subscribe_website,2222,2528,24.7175,-,-,-,296.61,நடப்பிலுள்ள
2023-09-14,2024-08-23,"New Leads ad",inactive,"New Leads ad stack",0,ABSOLUTE_OCPM,200,Daily,0,"7-day click or 1-day view",3,conversions:subscribe_website,2577,2917,102.66333333,-,-,-,307.99,நடப்பிலுள்ள
2023-09-14,2024-08-23,"New Leads ad",inactive,"New Leads ad stack – Copy",0,ABSOLUTE_OCPM,200,Daily,0,"7-day click or 1-day view",7,conversions:subscribe_website,2763,3190,43.04857143,-,-,-,301.34,நடப்பிலுள்ள
2023-09-14,2024-08-23,"New Leads ad",inactive,"New Leads ad set",0,ABSOLUTE_OCPM,200,Daily,0,"7-day click or 1-day view",9,conversions:subscribe_website,4821,5012,33.12888889,-,-,-,298.16,நடப்பிலுள்ள
2023-09-14,2024-08-23,"New Leads ad",inactive,"New Leads ad stack",0,ABSOLUTE_OCPM,200,Daily,0,"7-day click or 1-day view",17,conversions:subscribe_website,4709,4885,17.49823529,-,-,-,297.47,நடப்பிலுள்ள
2023-09-14,2024-08-23,"New Leads ad",inactive,"New Leads ad set – Copy",0,ABSOLUTE_OCPM,200,Daily,0,"7-day click or 1-day view",14,conversions:subscribe_website,4955,5151,20.91714286,-,-,-,292.84,நடப்பிலுள்ள
2023-09-14,2024-08-23,"New Leads ad",inactive,"New Leads ad stack – Copy",0,ABSOLUTE_OCPM,200,Daily,0,"7-day click or 1-day view",10,conversions:subscribe_website,5094,5266,29.676,-,-,-,296.76,நடப்பிலுள்ள
2023-09-14,2024-08-23,"New Leads ad",inactive,"New Leads ad set",8,ABSOLUTE_OCPM,3000,Daily,2023-12-27T00:08:37+0530,"7-day click or 1-day view",44,conversions:subscribe_website,15022,15824,11.83772727,-,-,-,520.86,நடப்பிலுள்ள
2023-09-14,2024-08-23,"New Leads ad",inactive,"New Leads ad set",0,ABSOLUTE_OCPM,400,Daily,0,"7-day click or 1-day view",12,conversions:subscribe_website,6326,6341,22.11333333,-,-,-,265.36,நடப்பிலுள்ள
2023-09-14,2024-08-23,"New Leads ad – Copy",inactive,"New Leads ad set",0,ABSOLUTE_OCPM,400,Daily,0,"7-day click or 1-day view",101,conversions:subscribe_website,18124,28815,19.14930693,-,-,-,1934.08,நடப்பிலுள்ள
2023-09-14,2024-08-23,"New Leads ad – Copy",inactive,"New Leads ad set",0,ABSOLUTE_OCPM,400,Daily,0,"7-day click or 1-day view",230,conversions:subscribe_website,79667,97372,17.33734783,-,-,-,3987.59,நடப்பிலுள்ள
2023-09-14,2024-08-23,"New Leads ad – Copy",inactive,"New Leads ad set – Copy",0,ABSOLUTE_OCPM,400,Daily,0,"7-day click or 1-day view",18,conversions:subscribe_website,4807,5706,23.30277778,-,-,-,419.45,நடப்பிலுள்ள
2023-09-14,2024-08-23,"New Leads ad",inactive,"New Leads ad set – Copy",0,ABSOLUTE_OCPM,400,Daily,0,"7-day click or 1-day view",8,conversions:subscribe_website,4918,5033,28.6025,-,-,-,228.82,நடப்பிலுள்ள
2023-09-14,2024-08-23,"New Leads ad – Copy",inactive,"New Leads ad set – Copy",0,ABSOLUTE_OCPM,400,Daily,0,"7-day click or 1-day view",7,conversions:subscribe_website,3691,3739,22.11285714,-,-,-,154.79,நடப்பிலுள்ள
2023-09-14,2024-08-23,"New Leads ad – Copy",inactive,"New Leads ad set – Copy 2",0,ABSOLUTE_OCPM,1800,Daily,0,"7-day click or 1-day view",1,conversions:subscribe_website,773,956,54.51,-,-,-,54.51,நடப்பிலுள்ள
2023-09-14,2024-08-23,"New Leads ad – Copy",inactive,"New Leads ad set – Copy 2",0,ABSOLUTE_OCPM,1800,Daily,0,"7-day click or 1-day view",61,conversions:subscribe_website,23749,25433,13.56360656,-,-,-,827.38,நடப்பிலுள்ள
2023-09-14,2024-08-23,"New Leads ad",inactive,"New Leads ad set – Copy 2",0,ABSOLUTE_OCPM,1800,Daily,0,"7-day click or 1-day view",708,conversions:subscribe_website,177929,240890,13.65735876,-,-,-,9669.41,நடப்பிலுள்ள
2023-09-14,2024-08-23,"New Leads ad",inactive,"New Leads ad set",0,ABSOLUTE_OCPM,800,Daily,0,"7-day click or 1-day view",16,conversions:subscribe_website,7438,9305,52.781875,-,-,-,844.51,நடப்பிலுள்ள
2023-09-14,2024-08-23,"New Leads ad",inactive,"New Leads ad set – Copy",0,ABSOLUTE_OCPM,800,Daily,0,"7-day click or 1-day view",13,conversions:subscribe_website,7520,9601,65.35769231,-,-,-,849.65,நடப்பிலுள்ள
2023-09-14,2024-08-23,"New Leads ad",inactive,"New Leads ad set – Copy",0,ABSOLUTE_OCPM,800,Daily,0,"7-day click or 1-day view",11,conversions:subscribe_website,7044,8858,75.84363636,-,-,-,834.28,நடப்பிலுள்ள
2023-09-14,2024-08-23,"New Leads ad",inactive,"New Leads ad set",0,ABSOLUTE_OCPM,200,Daily,0,"7-day click or 1-day view",1,conversions:subscribe_website,636,681,51.61,-,-,-,51.61,நடப்பிலுள்ள
2023-09-14,2024-08-23,"New Leads ad – Copy",inactive,"New Leads ad set",0,ABSOLUTE_OCPM,200,Daily,0,"7-day click or 1-day view",4,conversions:subscribe_website,2120,2434,40.8975,-,-,-,163.59,நடப்பிலுள்ள
2023-09-14,2024-08-23,"New Leads ad – Copy",inactive,"New Leads ad set",0,ABSOLUTE_OCPM,200,Daily,0,"7-day click or 1-day view",1,conversions:subscribe_website,716,799,61.63,-,-,-,61.63,நடப்பிலுள்ள
2023-09-14,2024-08-23,"New Leads ad – Copy",inactive,"New Leads ad set – Copy",0,ABSOLUTE_OCPM,200,Daily,0,"7-day click or 1-day view",2,conversions:subscribe_website,625,670,23.115,-,-,-,46.23,நடப்பிலுள்ள
2023-09-14,2024-08-23,"New Leads ad",inactive,"New Leads ad set – Copy",0,ABSOLUTE_OCPM,200,Daily,0,"7-day click or 1-day view",10,conversions:subscribe_website,2989,3400,21.006,-,-,-,210.06,நடப்பிலுள்ள
2023-09-14,2024-08-23,"New Leads ad – Copy",inactive,"New Leads ad set – Copy",0,ABSOLUTE_OCPM,200,Daily,0,"7-day click or 1-day view",2,conversions:subscribe_website,483,522,21.68,-,-,-,43.36,நடப்பிலுள்ள
2023-09-14,2024-08-23,"New Leads ad – Copy",inactive,"New Leads ad set – Copy",0,ABSOLUTE_OCPM,200,Daily,0,"7-day click or 1-day view",,,278,299,,-,-,-,20.55,நடப்பிலுள்ள
2023-09-14,2024-08-23,"New Leads ad",inactive,"New Leads ad set – Copy",0,ABSOLUTE_OCPM,200,Daily,0,"7-day click or 1-day view",8,conversions:subscribe_website,2855,3231,26.08625,-,-,-,208.69,நடப்பிலுள்ள
2023-09-14,2024-08-23,"New Leads ad – Copy",inactive,"New Leads ad set – Copy",0,ABSOLUTE_OCPM,200,Daily,0,"7-day click or 1-day view",1,conversions:subscribe_website,709,779,68.16,-,-,-,68.16,நடப்பிலுள்ள
2023-09-14,2024-08-23,"New Leads ad",inactive,"New Leads ad set – Copy 2",0,ABSOLUTE_OCPM,1200,Daily,0,"7-day click or 1-day view",48,conversions:subscribe_website,20822,21290,21.370625,-,-,-,1025.79,நடப்பிலுள்ள
2023-09-14,2024-08-23,"New Leads ad – Copy",inactive,"New Leads ad set – Copy 2",0,ABSOLUTE_OCPM,1200,Daily,0,"7-day click or 1-day view",3,conversions:subscribe_website,2309,2343,30.05,-,-,-,90.15,நடப்பிலுள்ள
2023-09-14,2024-08-23,"New Leads ad – Copy",inactive,"New Leads ad set – Copy 2",0,ABSOLUTE_OCPM,1200,Daily,0,"7-day click or 1-day view",,,39,41,,-,-,-,2.81,நடப்பிலுள்ள
2023-09-14,2024-08-23,"New Leads ad",inactive,"New Leads ad set – Copy",0,ABSOLUTE_OCPM,800,Daily,0,"7-day click or 1-day view",29,conversions:subscribe_website,13550,13842,26.28689655,-,-,-,762.32,நடப்பிலுள்ள
2023-09-14,2024-08-23,"New Leads ad – Copy",inactive,"New Leads ad set",0,ABSOLUTE_OCPM,3600,Daily,2024-01-19T00:49:37+0530,"7-day click or 1-day view",1545,conversions:subscribe_website,509143,657171,18.46086731,-,-,-,28522.04,நடப்பிலுள்ள
2023-09-14,2024-08-23,"New Leads ad",inactive,"New Leads ad set – Copy 2",0,ABSOLUTE_OCPM,2700,Daily,2024-01-16T02:15:44+0530,"7-day click or 1-day view",921,conversions:subscribe_website,198739,270185,15.65769815,-,-,-,14420.74,நடப்பிலுள்ள
2023-09-14,2024-08-23,"New Leads ad – Copy",inactive,"New Leads ad set – Copy",0,ABSOLUTE_OCPM,3600,Daily,0,"7-day click or 1-day view",1640,conversions:subscribe_website,488541,634467,17.64215244,-,-,-,28933.13,நடப்பிலுள்ள
2023-09-14,2024-08-23,"New Leads ad – Copy",inactive,"New Leads ad set – Copy",0,ABSOLUTE_OCPM,400,Daily,0,"7-day click or 1-day view",6,conversions:subscribe_website,4510,4868,51.55833333,-,-,-,309.35,நடப்பிலுள்ள
2023-09-14,2024-08-23,"New Leads ad – Copy",inactive,"New Leads ad set",0,ABSOLUTE_OCPM,400,Daily,0,"7-day click or 1-day view",7,conversions:subscribe_website,4344,4697,42.05142857,-,-,-,294.36,நடப்பிலுள்ள
2023-09-14,2024-08-23,"New Leads ad",inactive,"New Leads ad set",0,ABSOLUTE_OCPM,400,Daily,0,"7-day click or 1-day view",,,108,110,,-,-,-,6.99,நடப்பிலுள்ள
2023-09-14,2024-08-23,"New Leads ad",inactive,"New Leads ad set – Copy 2",0,ABSOLUTE_OCPM,1800,Daily,0,"7-day click or 1-day view",47,conversions:subscribe_website,19691,21859,29.44340426,-,-,-,1383.84,நடப்பிலுள்ள
2023-09-14,2024-08-23,"New Leads ad – Copy",inactive,"New Leads ad set – Copy 2",0,ABSOLUTE_OCPM,1800,Daily,0,"7-day click or 1-day view",,,502,524,,-,-,-,38.49,நடப்பிலுள்ள
2023-09-14,2024-08-23,"New Leads ad – Copy",inactive,"New Leads ad set – Copy",0,ABSOLUTE_OCPM,600,Daily,0,"7-day click or 1-day view",,,29,30,,-,-,-,0.66,நடப்பிலுள்ள
2023-09-14,2024-08-23,"New Leads ad",inactive,"New Leads ad set – Copy",0,ABSOLUTE_OCPM,600,Daily,0,"7-day click or 1-day view",99,conversions:subscribe_website,34265,36747,13.88646465,-,-,-,1374.76,நடப்பிலுள்ள
2023-09-14,2024-08-23,"New Leads ad – Copy",inactive,"New Leads ad set – Copy",0,ABSOLUTE_OCPM,600,Daily,0,"7-day click or 1-day view",8,conversions:subscribe_website,4189,4440,14.02875,-,-,-,112.23,நடப்பிலுள்ள
2023-09-14,2024-08-23,"New Leads ad – Copy",inactive,"New Leads ad set",0,ABSOLUTE_OCPM,600,Daily,0,"7-day click or 1-day view",47,conversions:subscribe_website,20240,24015,20.86106383,-,-,-,980.47,நடப்பிலுள்ள
2023-09-14,2024-08-23,"New Leads ad – Copy",inactive,"New Leads ad set",0,ABSOLUTE_OCPM,600,Daily,0,"7-day click or 1-day view",22,conversions:subscribe_website,7446,8409,23.93818182,-,-,-,526.64,நடப்பிலுள்ள
2023-09-14,2024-08-23,"New Leads ad",inactive,"New Leads ad set – Copy 2",0,ABSOLUTE_OCPM,400,Daily,2024-01-17T23:30:33+0530,"7-day click or 1-day view",,,114,119,,-,-,-,4.27,நடப்பிலுள்ள
2023-09-14,2024-08-23,"New Leads ad – Copy",inactive,"New Leads ad set – Copy 2",0,ABSOLUTE_OCPM,400,Daily,2024-01-17T23:30:33+0530,"7-day click or 1-day view",3,conversions:subscribe_website,666,706,13.36333333,-,-,-,40.09,நடப்பிலுள்ள
2023-09-14,2024-08-23,"New Leads ad – Copy",inactive,"New Leads ad set – Copy 2",0,ABSOLUTE_OCPM,400,Daily,2024-01-17T23:30:33+0530,"7-day click or 1-day view",60,conversions:subscribe_website,28674,32267,15.99366667,-,-,-,959.62,நடப்பிலுள்ள
2023-09-14,2024-08-23,"Marketing Professionals - Age: 24+ - Top Cities Monk",archived,"New Leads ad set",0,ABSOLUTE_OCPM,1000,Daily,0,"7-day click or 1-day view",,,920,967,,-,-,-,117.43,நடப்பிலுள்ள
2023-09-14,2024-08-23,"Marketing Professionals - Age: 24+ - Top Cities Kid",archived,"New Leads ad set – Copy",0,ABSOLUTE_OCPM,1000,Daily,0,"7-day click or 1-day view",1,actions:offsite_conversion.custom.1692978917779396,709,738,112.82,-,-,-,112.82,நடப்பிலுள்ள
2023-09-14,2024-08-23,"Kid - Marketing Students",inactive,"Marketing Students",0,ABSOLUTE_OCPM,4200,Daily,2024-01-23T00:10:49+0530,"7-day click or 1-day view",125,conversions:subscribe_website,47194,75809,21.75448,-,-,-,2719.31,நடப்பிலுள்ள
2023-09-14,2024-08-23,"Monk - Marketing Students",inactive,"Marketing Students",0,ABSOLUTE_OCPM,4200,Daily,2024-01-23T00:10:49+0530,"7-day click or 1-day view",1650,conversions:subscribe_website,541734,870732,22.18285455,-,-,-,36601.71,நடப்பிலுள்ள
2023-09-14,2024-08-23,"Kid - Marketing Professionals",inactive,"Marketing Professionals - Age: 24+ - Top Cities – Copy",0,ABSOLUTE_OCPM,1400,Daily,0,"7-day click or 1-day view",11,conversions:subscribe_website,5560,7257,33.46727273,-,-,-,368.14,நடப்பிலுள்ள
2023-09-14,2024-08-23,"Monk - Marketing Professional",inactive,"Marketing Professionals - Age: 24+ - Top Cities – Copy",0,ABSOLUTE_OCPM,1400,Daily,0,"7-day click or 1-day view",649,conversions:subscribe_website,179021,247984,23.61830508,-,-,-,15328.28,நடப்பிலுள்ள
2023-09-14,2024-08-23,"New Leads ad",inactive,"New Leads ad set – Copy",0,ABSOLUTE_OCPM,3600,Daily,0,"7-day click or 1-day view",16,conversions:subscribe_website,9801,10280,44.089375,-,-,-,705.43,நடப்பிலுள்ள
2023-09-14,2024-08-23,"New Leads ad",inactive,"New Leads ad set",0,ABSOLUTE_OCPM,800,Daily,0,"7-day click or 1-day view",67,conversions:subscribe_website,36282,43114,26.73253731,-,-,-,1791.08,நடப்பிலுள்ள
2023-09-14,2024-08-23,"New Leads ad",inactive,"New Leads ad set – Copy 2",0,ABSOLUTE_OCPM,800,Daily,0,"7-day click or 1-day view",30,conversions:subscribe_website,15956,17856,26.06933333,-,-,-,782.08,நடப்பிலுள்ள
2023-09-14,2024-08-23,"New Leads ad",inactive,"New Leads ad set",0,ABSOLUTE_OCPM,800,Daily,0,"7-day click or 1-day view",16,conversions:subscribe_website,18060,19961,37.145,-,-,-,594.32,நடப்பிலுள்ள
2023-09-14,2024-08-23,"New Leads ad – Copy",inactive,"New Leads ad set",0,ABSOLUTE_OCPM,800,Daily,0,"7-day click or 1-day view",,,71,79,,-,-,-,1.14,நடப்பிலுள்ள
2023-09-14,2024-08-23,"New Leads ad – Copy",inactive,"New Leads ad set",0,ABSOLUTE_OCPM,800,Daily,0,"7-day click or 1-day view",18,conversions:subscribe_website,11083,12576,25.04222222,-,-,-,450.76,நடப்பிலுள்ள
2023-09-14,2024-08-23,"New Leads ad – Copy",inactive,"New Leads ad set",0,ABSOLUTE_OCPM,800,Daily,0,"7-day click or 1-day view",62,conversions:subscribe_website,23136,25272,17.56370968,-,-,-,1088.95,நடப்பிலுள்ள
2023-09-14,2024-08-23,"New Leads ad – Copy",inactive,"New Leads ad set – Copy",0,ABSOLUTE_OCPM,1600,Daily,2024-01-27T18:04:12+0530,"7-day click or 1-day view",58,conversions:subscribe_website,26862,33273,22.35241379,-,-,-,1296.44,நடப்பிலுள்ள
2023-09-14,2024-08-23,"New Leads ad – Copy",inactive,"New Leads ad set – Copy",0,ABSOLUTE_OCPM,1600,Daily,2024-01-27T18:04:12+0530,"7-day click or 1-day view",,,683,720,,-,-,-,27.43,நடப்பிலுள்ள
2023-09-14,2024-08-23,"New Leads ad",inactive,"New Leads ad set – Copy",0,ABSOLUTE_OCPM,1600,Daily,2024-01-27T18:04:12+0530,"7-day click or 1-day view",74,conversions:subscribe_website,66119,74655,30.82175676,-,-,-,2280.81,நடப்பிலுள்ள
2023-09-14,2024-08-23,"New Leads ad – Copy",inactive,"New Leads ad set – Copy",0,ABSOLUTE_OCPM,1600,Daily,2024-01-27T18:04:12+0530,"7-day click or 1-day view",9,conversions:subscribe_website,2539,2624,15.81333333,-,-,-,142.32,நடப்பிலுள்ள
2023-09-14,2024-08-23,"Monk - Marketing Students",archived,"Marketing Students",0,ABSOLUTE_OCPM,3000,Daily,0,"7-day click or 1-day view",78,conversions:subscribe_website,29282,30293,20.12423077,-,-,-,1569.69,நடப்பிலுள்ள
2023-09-14,2024-08-23,"Monk - Marketing Professional",archived,"Marketing Professionals - Age: 24+ - Top Cities – Copy",0,ABSOLUTE_OCPM,1000,Daily,0,"7-day click or 1-day view",18,conversions:subscribe_website,6213,6377,27.62555556,-,-,-,497.26,நடப்பிலுள்ள
2023-09-14,2024-08-23,"Monk - Marketing Students",inactive,"Marketing Students",0,ABSOLUTE_OCPM,2000,Daily,0,"7-day click or 1-day view",2,conversions:subscribe_website,4140,4307,109.08,-,-,-,218.16,நடப்பிலுள்ள
2023-09-14,2024-08-23,"Monk - Marketing Professional",inactive,"Marketing Professionals - Age: 24+ - Top Cities – Copy",0,ABSOLUTE_OCPM,2000,Daily,0,"7-day click or 1-day view",6,conversions:subscribe_website,7379,7632,104.49833333,-,-,-,626.99,நடப்பிலுள்ள
2023-09-14,2024-08-23,"New Leads ad",inactive,"New Leads ad set",8,ABSOLUTE_OCPM,4050,Daily,0,"7-day click or 1-day view",2,conversions:subscribe_website,2096,2279,23.19,-,-,-,46.38,நடப்பிலுள்ள
2023-09-14,2024-08-23,"New Leads ad",inactive,"New Leads ad set – Copy",0,ABSOLUTE_OCPM,1600,Daily,2024-02-03T10:54:31+0530,"7-day click or 1-day view",519,conversions:subscribe_website,189971,305461,19.48689788,-,-,-,10113.7,நடப்பிலுள்ள
2023-09-14,2024-08-23,"New Leads ad",inactive,"New Leads ad set – Copy",0,ABSOLUTE_OCPM,800,Daily,0,"7-day click or 1-day view",7,conversions:subscribe_website,5292,5928,54.82857143,-,-,-,383.8,நடப்பிலுள்ள
2023-09-14,2024-08-23,"New Leads ad",inactive,"New Leads ad set",0,ABSOLUTE_OCPM,1800,Daily,2024-02-06T14:28:02+0530,"7-day click or 1-day view",360,conversions:subscribe_website,38121,51264,14.05066667,-,-,-,5058.24,நடப்பிலுள்ள
2023-09-14,2024-08-23,"New Leads ad – Copy",inactive,"New Leads ad set",0,ABSOLUTE_OCPM,1800,Daily,2024-02-06T14:28:02+0530,"7-day click or 1-day view",7,conversions:subscribe_website,4245,4981,59.99714286,-,-,-,419.98,நடப்பிலுள்ள
2023-09-14,2024-08-23,"New Leads ad",inactive,"New Leads ad set",0,ABSOLUTE_OCPM,1200,Daily,2024-02-12T02:34:06+0530,"7-day click or 1-day view",388,conversions:subscribe_website,159695,216323,22.65783505,-,-,-,8791.24,நடப்பிலுள்ள
2023-09-14,2024-08-23,"New Leads ad",inactive,"New Leads ad set – Copy",0,ABSOLUTE_OCPM,800,Daily,0,"7-day click or 1-day view",331,conversions:subscribe_website,126138,165026,21.34111782,-,-,-,7063.91,நடப்பிலுள்ள
2023-09-14,2024-08-23,"New Leads ad",inactive,"New Leads ad set – Copy 2",0,ABSOLUTE_OCPM,1200,Daily,2024-02-12T02:33:53+0530,"7-day click or 1-day view",345,conversions:subscribe_website,148404,190178,25.89849275,-,-,-,8934.98,நடப்பிலுள்ள
2023-09-14,2024-08-23,"New Leads ad – Copy",inactive,"New Leads ad set",0,ABSOLUTE_OCPM,1200,Daily,2024-02-12T02:34:06+0530,"7-day click or 1-day view",41,conversions:subscribe_website,21264,29037,39.09512195,-,-,-,1602.9,நடப்பிலுள்ள
2023-09-14,2024-08-23,"New Leads ad – Copy",inactive,"New Leads ad set – Copy 2",0,ABSOLUTE_OCPM,1200,Daily,2024-02-12T02:33:53+0530,"7-day click or 1-day view",45,conversions:subscribe_website,17104,22083,28.75555556,-,-,-,1294,நடப்பிலுள்ள
2023-09-14,2024-08-23,"New Leads ad – Copy",inactive,"New Leads ad set – Copy",0,ABSOLUTE_OCPM,800,Daily,0,"7-day click or 1-day view",18,conversions:subscribe_website,13970,18941,48.71888889,-,-,-,876.94,நடப்பிலுள்ள
2023-09-14,2024-08-23,"New Leads ad",inactive,"broad + jobs",0,ABSOLUTE_OCPM,1000,Daily,2024-02-13T23:16:18+0530,"7-day click or 1-day view",112,conversions:subscribe_website,66036,77233,47.68723214,-,-,-,5340.97,நடப்பிலுள்ள
2023-09-14,2024-08-23,"New Leads ad",inactive,"narrow intrests",0,ABSOLUTE_OCPM,1000,Daily,2024-02-13T23:15:37+0530,"7-day click or 1-day view",90,conversions:subscribe_website,71477,83517,58.60055556,-,-,-,5274.05,நடப்பிலுள்ள
2023-09-14,2024-08-23,"New Leads ad",inactive,"narrow intrests – Copy",0,ABSOLUTE_OCPM,1000,Daily,2024-02-13T23:14:54+0530,"7-day click or 1-day view",102,conversions:subscribe_website,68000,80158,52.03117647,-,-,-,5307.18,நடப்பிலுள்ள
2023-09-14,2024-08-23,Leads_Job_Titles_Ad,inactive,Leads_Job_Titles,0,ABSOLUTE_OCPM,750,Daily,0,"7-day click or 1-day view",3,conversions:subscribe_website,3061,3479,106.34,-,-,-,319.02,நடப்பிலுள்ள
2023-09-14,2024-08-23,Leads_Interests_Ad,inactive,Leads_Interests,0,ABSOLUTE_OCPM,1250,Daily,0,"7-day click or 1-day view",14,conversions:subscribe_website,7239,8312,54.01214286,-,-,-,756.17,நடப்பிலுள்ள
2023-09-14,2024-08-23,Leads_Interests_Ad2,inactive,Leads_Interests,0,ABSOLUTE_OCPM,1250,Daily,0,"7-day click or 1-day view",14,conversions:subscribe_website,7025,8089,68.85142857,-,-,-,963.92,நடப்பிலுள்ள
2023-09-14,2024-08-23,Leads_Job_Titles_Ad2,inactive,Leads_Job_Titles,0,ABSOLUTE_OCPM,750,Daily,0,"7-day click or 1-day view",10,conversions:subscribe_website,5535,6572,69.845,-,-,-,698.45,நடப்பிலுள்ள
2023-09-14,2024-08-23,"New Leads Ad",inactive,"Lookalike Ad Set",0,ABSOLUTE_OCPM,4000,Daily,2024-02-20T13:57:41+0530,"7-day click or 1-day view",69,conversions:subscribe_website,73695,89155,53.56217391,-,-,-,3695.79,நடப்பிலுள்ள
2023-09-14,2024-08-23,"New Leads Ad",not_delivering,"New Leads Ad Set",0,ABSOLUTE_OCPM,600,Daily,2024-02-22T00:02:36+0530,"7-day click or 1-day view",71,conversions:subscribe_website,18895,19703,12.02605634,-,-,-,853.85,நடப்பிலுள்ள
2023-09-14,2024-08-23,"New Leads Ad",not_delivering,"New Leads Ad Set - Copy",0,ABSOLUTE_OCPM,600,Daily,0,"7-day click or 1-day view",34,conversions:subscribe_website,18194,21583,25.07117647,-,-,-,852.42,நடப்பிலுள்ள
2023-09-14,2024-08-23,"New Leads Ad",inactive,"New Leads Ad Set - Copy 2",0,ABSOLUTE_OCPM,400,Daily,0,"7-day click or 1-day view",18,conversions:subscribe_website,12823,13611,31.36722222,-,-,-,564.61,நடப்பிலுள்ள
2023-09-14,2024-08-23,"New Leads Ad",not_delivering,"New Leads Ad Set",0,ABSOLUTE_OCPM,600,Daily,0,"7-day click or 1-day view",59,conversions:subscribe_website,15585,16334,10.8079661,-,-,-,637.67,நடப்பிலுள்ள
2023-09-14,2024-08-23,"New Leads Ad",inactive,"New Leads Ad Set - Copy",0,ABSOLUTE_OCPM,400,Daily,0,"7-day click or 1-day view",14,conversions:subscribe_website,6908,7688,25.24428571,-,-,-,353.42,நடப்பிலுள்ள
2023-09-14,2024-08-23,"New Leads Ad",inactive,"New Leads Ad Set - Copy 2",0,ABSOLUTE_OCPM,400,Daily,0,"7-day click or 1-day view",22,conversions:subscribe_website,13407,14333,25.27136364,-,-,-,555.97,நடப்பிலுள்ள
2023-09-14,2024-08-23,"New Leads Ad",not_delivering,"New Leads Ad Set",0,ABSOLUTE_OCPM,400,Daily,0,"7-day click or 1-day view",53,conversions:subscribe_website,16430,17245,13.46226415,-,-,-,713.5,நடப்பிலுள்ள
2023-09-14,2024-08-23,"New Leads Ad",inactive,"New Leads Ad Set - Copy",0,ABSOLUTE_OCPM,400,Daily,0,"7-day click or 1-day view",21,conversions:subscribe_website,6708,7517,17.05809524,-,-,-,358.22,நடப்பிலுள்ள
2023-09-14,2024-08-23,"New Leads Ad",not_delivering,"New Leads Ad Set - Copy 2",0,ABSOLUTE_OCPM,400,Daily,0,"7-day click or 1-day view",33,conversions:subscribe_website,17427,19030,21.9969697,-,-,-,725.9,நடப்பிலுள்ள
2023-09-14,2024-08-23,"New Leads Ad",not_delivering,"New Leads Ad Set - Copy 2",0,ABSOLUTE_OCPM,400,Daily,2024-02-25T00:11:22+0530,"7-day click or 1-day view",2,conversions:subscribe_website,3299,4147,128.96,-,-,-,257.92,நடப்பிலுள்ள
2023-09-14,2024-08-23,"New Leads Ad",not_delivering,"New Leads Ad Set",0,ABSOLUTE_OCPM,400,Daily,2024-02-25T00:11:20+0530,"7-day click or 1-day view",21,conversions:subscribe_website,4336,4520,12.62952381,-,-,-,265.22,நடப்பிலுள்ள
2023-09-14,2024-08-23,"New Leads Ad",not_delivering,"New Leads Ad Set",0,ABSOLUTE_OCPM,600,Daily,0,"7-day click or 1-day view",25,conversions:subscribe_website,6645,6973,15.2648,-,-,-,381.62,நடப்பிலுள்ள
2023-09-14,2024-08-23,"New Leads Ad",not_delivering,"New Leads Ad Set - Copy",0,ABSOLUTE_OCPM,600,Daily,2024-02-25T00:16:11+0530,"7-day click or 1-day view",14,conversions:subscribe_website,6833,8510,27.595,-,-,-,386.33,நடப்பிலுள்ள
2023-09-14,2024-08-23,"New Leads Ad",not_delivering,"New Leads Ad Set",0,ABSOLUTE_OCPM,600,Daily,2024-02-25T00:16:13+0530,"7-day click or 1-day view",22,conversions:subscribe_website,6430,6849,17.18636364,-,-,-,378.1,நடப்பிலுள்ள
2023-09-14,2024-08-23,MM-1_Jobs,inactive,MM-1_Jobs,0,ABSOLUTE_OCPM,800,Daily,0,"7-day click or 1-day view",72,actions:offsite_conversion.custom.321122870320711,991,1719,5.73819444,-,-,-,413.15,நடப்பிலுள்ள
2023-09-14,2024-08-23,MM-1_Interests,inactive,MM-1_Interests,0,ABSOLUTE_OCPM,800,Daily,0,"7-day click or 1-day view",62,actions:offsite_conversion.custom.321122870320711,1006,1564,6.45370968,-,-,-,400.13,நடப்பிலுள்ள
2023-09-14,2024-08-23,MM-2_Interests,inactive,MM-2_Interests,0,ABSOLUTE_OCPM,800,Daily,0,"7-day click or 1-day view",62,actions:offsite_conversion.custom.321122870320711,1245,1967,6.32241935,-,-,-,391.99,நடப்பிலுள்ள
2023-09-14,2024-08-23,MM-2_Jobs,inactive,MM-2_Jobs,0,ABSOLUTE_OCPM,800,Daily,0,"7-day click or 1-day view",59,actions:offsite_conversion.custom.321122870320711,1479,1990,6.78389831,-,-,-,400.25,நடப்பிலுள்ள
2023-09-14,2024-08-23,MM-3_Jobs,inactive,MM-3_Jobs,0,ABSOLUTE_OCPM,800,Daily,0,"7-day click or 1-day view",74,actions:offsite_conversion.custom.321122870320711,1008,1876,5.44540541,-,-,-,402.96,நடப்பிலுள்ள
2023-09-14,2024-08-23,MM-3_Interests,inactive,MM-3_Interests,0,ABSOLUTE_OCPM,800,Daily,0,"7-day click or 1-day view",75,actions:offsite_conversion.custom.321122870320711,941,1550,5.3404,-,-,-,400.53,நடப்பிலுள்ள
2023-09-14,2024-08-23,MM-1_Jobs,inactive,MM-1_Jobs,0,ABSOLUTE_OCPM,800,Daily,0,"7-day click or 1-day view",39,conversions:subscribe_website,5705,7217,25.44666667,-,-,-,992.42,நடப்பிலுள்ள
2023-09-14,2024-08-23,MM-1_Interests,inactive,MM-1_Interests,0,ABSOLUTE_OCPM,800,Daily,0,"7-day click or 1-day view",43,conversions:subscribe_website,4937,6148,22.85139535,-,-,-,982.61,நடப்பிலுள்ள
2023-09-14,2024-08-23,MM-2_Jobs,inactive,MM-2_Jobs,0,ABSOLUTE_OCPM,800,Daily,0,"7-day click or 1-day view",56,conversions:subscribe_website,8421,10356,16.01392857,-,-,-,896.78,நடப்பிலுள்ள
2023-09-14,2024-08-23,MM-2_Interests,not_delivering,MM-2_Interests,0,ABSOLUTE_OCPM,1440,Daily,2024-03-26T14:32:09+0530,"7-day click or 1-day view",6446,conversions:subscribe_website,727019,1938395,12.62951598,-,-,-,81409.86,நடப்பிலுள்ள
2023-09-14,2024-08-23,MM-3_Jobs,inactive,MM-3_Jobs,0,ABSOLUTE_OCPM,800,Daily,0,"7-day click or 1-day view",75,conversions:subscribe_website,7230,8637,12.15146667,-,-,-,911.36,நடப்பிலுள்ள
2023-09-14,2024-08-23,MM-3_Interests,inactive,MM-3_Interests,0,ABSOLUTE_OCPM,800,Daily,0,"7-day click or 1-day view",94,conversions:subscribe_website,8057,9474,9.66765957,-,-,-,908.76,நடப்பிலுள்ள
2023-09-14,2024-08-23,"New Leads Ad",archived,"New Leads Ad Set",0,ABSOLUTE_OCPM,800,Daily,0,"7-day click or 1-day view",,,458,463,,-,-,-,44.47,நடப்பிலுள்ள
2023-09-14,2024-08-23,"New Leads Ad",archived,"New Leads Ad Set - Copy",0,ABSOLUTE_OCPM,800,Daily,0,"7-day click or 1-day view",,,496,504,,-,-,-,45.85,நடப்பிலுள்ள
2023-09-14,2024-08-23,"New Leads Ad",archived,"New Leads Ad Set - Copy 2",0,ABSOLUTE_OCPM,800,Daily,0,"7-day click or 1-day view",,,158,170,,-,-,-,53.14,நடப்பிலுள்ள
2023-09-14,2024-08-23,MM-3_Interests,not_delivering,MM-3_Interests,0,ABSOLUTE_OCPM,1200,Daily,0,"7-day click or 1-day view",6260,conversions:subscribe_website,738942,2000896,13.55075879,-,-,-,84827.75,நடப்பிலுள்ள
2023-09-14,2024-08-23,MM-3_Jobs,inactive,MM-3_Jobs,0,ABSOLUTE_OCPM,800,Daily,0,"7-day click or 1-day view",25,conversions:subscribe_website,8073,8773,18.724,-,-,-,468.1,நடப்பிலுள்ள
2023-09-14,2024-08-23,MM-2_Interests,inactive,MM-2_Interests,0,ABSOLUTE_OCPM,800,Daily,0,"7-day click or 1-day view",22,conversions:subscribe_website,5912,6600,19.84954545,-,-,-,436.69,நடப்பிலுள்ள
2023-09-14,2024-08-23,MM-2_Jobs,inactive,MM-2_Jobs,0,ABSOLUTE_OCPM,800,Daily,0,"7-day click or 1-day view",17,conversions:subscribe_website,6170,6731,26.37705882,-,-,-,448.41,நடப்பிலுள்ள
2023-09-14,2024-08-23,MM-1_Interests,inactive,MM-1_Interests,0,ABSOLUTE_OCPM,800,Daily,0,"7-day click or 1-day view",16,conversions:subscribe_website,3649,3984,29.028125,-,-,-,464.45,நடப்பிலுள்ள
2023-09-14,2024-08-23,MM-1_Jobs,inactive,MM-1_Jobs,0,ABSOLUTE_OCPM,1052,Daily,0,"7-day click or 1-day view",93,conversions:subscribe_website,22465,32413,30.22967742,-,-,-,2811.36,நடப்பிலுள்ள
2023-09-14,2024-08-23,"New Leads Ad",inactive,"New Leads Ad Set_fb",0,ABSOLUTE_OCPM,800,Daily,0,"7-day click or 1-day view",5,conversions:subscribe_website,1531,1783,68.568,-,-,-,342.84,நடப்பிலுள்ள
2023-09-14,2024-08-23,"New Leads Ad",inactive,"New Leads Ad Set_Insta",0,ABSOLUTE_OCPM,800,Daily,0,"7-day click or 1-day view",12,conversions:subscribe_website,4592,4813,25.54666667,-,-,-,306.56,நடப்பிலுள்ள
2023-09-14,2024-08-23,"New Leads Ad",inactive,"New Leads Ad Set_fb",0,ABSOLUTE_OCPM,1052,Daily,0,"7-day click or 1-day view",80,conversions:subscribe_website,14345,21222,31.418625,-,-,-,2513.49,நடப்பிலுள்ள
2023-09-14,2024-08-23,"New Leads Ad",not_delivering,"New Leads Ad Set_Insta",0,ABSOLUTE_OCPM,1332,Daily,2024-04-16T20:09:23+0530,"7-day click or 1-day view",3734,conversions:subscribe_website,772482,2599772,21.28730316,-,-,-,79486.79,நடப்பிலுள்ள
2023-09-14,2024-08-23,"New Leads Ad",inactive,"New Leads Ad Set_fb",0,ABSOLUTE_OCPM,960,Daily,2024-03-27T10:09:21+0530,"7-day click or 1-day view",15,conversions:subscribe_website,5443,7686,77.992,-,-,-,1169.88,நடப்பிலுள்ள
2023-09-14,2024-08-23,"New Leads Ad",inactive,"New Leads Ad Set_Insta",0,ABSOLUTE_OCPM,960,Daily,2024-03-27T10:09:09+0530,"7-day click or 1-day view",29,conversions:subscribe_website,10407,12675,35.78482759,-,-,-,1037.76,நடப்பிலுள்ள
2023-09-14,2024-08-23,"New Leads Ad",inactive,"New Leads Ad Set_fb",0,ABSOLUTE_OCPM,900,Daily,0,"7-day click or 1-day view",15,conversions:subscribe_website,9154,13118,96.508,-,-,-,1447.62,நடப்பிலுள்ள
2023-09-14,2024-08-23,"New Leads Ad",not_delivering,"New Leads Ad Set_Insta",0,ABSOLUTE_OCPM,900,Daily,0,"7-day click or 1-day view",49,conversions:subscribe_website,23658,28509,35.84040816,-,-,-,1756.18,நடப்பிலுள்ள
2023-09-14,2024-08-23,"New Leads Ad",inactive,"New Leads Ad Set_Insta",0,ABSOLUTE_OCPM,800,Daily,0,"7-day click or 1-day view",4,conversions:subscribe_website,4784,5380,84.29,-,-,-,337.16,நடப்பிலுள்ள
2023-09-14,2024-08-23,"New Leads Ad",inactive,"New Leads Ad Set_fb",0,ABSOLUTE_OCPM,800,Daily,0,"7-day click or 1-day view",,,1326,1530,,-,-,-,210.45,நடப்பிலுள்ள
2023-09-14,2024-08-23,"New Leads Ad",inactive,"New Leads Ad Set_Insta",0,ABSOLUTE_OCPM,900,Daily,0,"7-day click or 1-day view",71,conversions:subscribe_website,22790,28011,24.59577465,-,-,-,1746.3,நடப்பிலுள்ள
2023-09-14,2024-08-23,"New Leads Ad",inactive,"New Leads Ad Set_fb",0,ABSOLUTE_OCPM,900,Daily,0,"7-day click or 1-day view",20,conversions:subscribe_website,8762,12058,75.611,-,-,-,1512.22,நடப்பிலுள்ள
2023-09-14,2024-08-23,"New Leads Ad",inactive,"New Leads Ad Set_Insta",0,ABSOLUTE_OCPM,800,Daily,2024-03-28T10:36:33+0530,"7-day click or 1-day view",31,conversions:subscribe_website,10216,11671,23.66774194,-,-,-,733.7,நடப்பிலுள்ள
2023-09-14,2024-08-23,"New Leads Ad",inactive,"New Leads Ad Set_fb",0,ABSOLUTE_OCPM,800,Daily,2024-03-28T10:34:24+0530,"7-day click or 1-day view",22,conversions:subscribe_website,5460,6703,36.45272727,-,-,-,801.96,நடப்பிலுள்ள
2023-09-14,2024-08-23,"New Leads Ad",not_delivering,"New Leads Ad Set_Insta",0,ABSOLUTE_OCPM,1346,Daily,2024-04-18T12:03:00+0530,"7-day click or 1-day view",3242,conversions:subscribe_website,590921,1727828,21.0879673,-,-,-,68367.19,நடப்பிலுள்ள
2023-09-14,2024-08-23,Test_Ad01_Fb,not_delivering,"Test_Ad Set_01__fb",0,ABSOLUTE_OCPM,288,Daily,2024-05-06T09:28:27+0530,"7-day click or 1-day view",451,conversions:subscribe_website,47828,102480,16.4016408,-,-,-,7397.14,நடப்பிலுள்ள
2023-09-14,2024-08-23,Test_Ad_01_Insta,not_delivering,"Test_Ad Set_01_Insta",0,ABSOLUTE_OCPM,240,Daily,0,"7-day click or 1-day view",91,conversions:subscribe_website,24337,36089,17.25131868,-,-,-,1569.87,நடப்பிலுள்ள
2023-09-14,2024-08-23,Test_Ad_02_Insta,not_delivering,"Test_Ad Set_02_Insta",0,ABSOLUTE_OCPM,200,Daily,0,"7-day click or 1-day view",32,conversions:subscribe_website,18583,23703,42.1559375,-,-,-,1348.99,நடப்பிலுள்ள
2023-09-14,2024-08-23,Test_Ad02_Fb,not_delivering,"Test_Ad Set_02__fb",0,ABSOLUTE_OCPM,200,Daily,2024-05-06T09:28:26+0530,"7-day click or 1-day view",66,conversions:subscribe_website,12673,23113,41.06257576,-,-,-,2710.13,நடப்பிலுள்ள
2023-09-14,2024-08-23,Test_Ad_03_Insta,not_delivering,"Test_Ad Set_03_Insta",0,ABSOLUTE_OCPM,200,Daily,0,"7-day click or 1-day view",74,conversions:subscribe_website,24930,35147,18.90094595,-,-,-,1398.67,நடப்பிலுள்ள
2023-09-14,2024-08-23,Test_Ad03_Fb,not_delivering,"Test_Ad Set_03_fb",0,ABSOLUTE_OCPM,200,Daily,2024-05-06T09:28:25+0530,"7-day click or 1-day view",74,conversions:subscribe_website,13592,21759,21.63527027,-,-,-,1601.01,நடப்பிலுள்ள
2023-09-14,2024-08-23,Test_Ad03_Fb,not_delivering,"Test_Ad Set_03_fb",0,ABSOLUTE_OCPM,200,Daily,2024-05-06T09:29:09+0530,"7-day click or 1-day view",35,conversions:subscribe_website,6046,10034,41.55714286,-,-,-,1454.5,நடப்பிலுள்ள
2023-09-14,2024-08-23,Test_Ad_03_Insta,not_delivering,"Test_Ad Set_04_Insta",0,ABSOLUTE_OCPM,200,Daily,0,"7-day click or 1-day view",37,conversions:subscribe_website,15405,21095,37.83756757,-,-,-,1399.99,நடப்பிலுள்ள
2023-09-14,2024-08-23,CC_Ad_Fb,not_delivering,CC_AdSet_fb,0,ABSOLUTE_OCPM,200,Daily,0,"7-day click or 1-day view",1,conversions:subscribe_website,1023,1329,168.59,-,-,-,168.59,நடப்பிலுள்ள
2023-09-14,2024-08-23,MM_HighlightText_Ad_Facebook,not_delivering,MM_HighlightText_Adset_Facebook,0,ABSOLUTE_OCPM,"Using campaign budget",0,2024-05-23T08:37:48+0530,"7-day click or 1-day view",15,conversions:subscribe_website,1955,3044,15.434,-,-,-,231.51,நடப்பிலுள்ள
2023-09-14,2024-08-23,MM_HighlightText_Ad_Insta,not_delivering,MM_HighlightText_Adset_Insta,0,ABSOLUTE_OCPM,"Using campaign budget",0,2024-05-23T08:36:42+0530,"7-day click or 1-day view",2803,conversions:subscribe_website,575050,1090728,15.07292187,Average,-,-,42249.4,நடப்பிலுள்ள
2023-09-14,2024-08-23,MM_iCloudNote_AdSet_Facebook,inactive,MM_iCloudNote_AdSet_Facebook,0,ABSOLUTE_OCPM,"Using campaign budget",0,0,"7-day click or 1-day view",24,conversions:subscribe_website,7222,11111,27.68625,-,-,-,664.47,நடப்பிலுள்ள
2023-09-14,2024-08-23,MM_iCloudNote_Ad_Insta,active,MM_iCloudNote_AdSet_Insta,0,ABSOLUTE_OCPM,"Using campaign budget",0,0,"7-day click or 1-day view",3555,conversions:subscribe_website,676251,1406259,16.06857665,Average,-,-,57123.79,நடப்பிலுள்ள
2023-09-14,2024-08-23,MM_DarkGraph_Ad_Insta,active,MM_DarkGraph_Adset_Insta,0,ABSOLUTE_OCPM,500,Daily,0,"7-day click or 1-day view",1817,conversions:subscribe_website,237073,655753,20.19949367,-,-,-,36702.48,நடப்பிலுள்ள
2023-09-14,2024-08-23,MM_DarkGraph_Ad_Facebook,not_delivering,MM_DarkGraph_Adset_Facebook,0,ABSOLUTE_OCPM,500,Daily,0,"7-day click or 1-day view",1167,conversions:subscribe_website,118483,360070,21.81425878,Average,-,-,25457.24,நடப்பிலுள்ள
2023-09-14,2024-08-23,MM_Text_Ad_Insta,active,MM_Text_Adset_Insta,0,ABSOLUTE_OCPM,500,Daily,0,"7-day click or 1-day view",2327,conversions:subscribe_website,269330,752005,15.94837559,Average,-,-,37111.87,நடப்பிலுள்ள
2023-09-14,2024-08-23,MM_Text_Ad_Facebook,not_delivering,MM_Text_Adset_Facebook,0,ABSOLUTE_OCPM,500,Daily,0,"7-day click or 1-day view",233,conversions:subscribe_website,49134,98446,32.74566524,-,-,-,7629.74,நடப்பிலுள்ள
2023-09-14,2024-08-23,MM_Socialpost_Ad_Facebook,not_delivering,MM_Socialpost_Adset_Facebook,0,ABSOLUTE_OCPM,500,Daily,0,"7-day click or 1-day view",115,conversions:subscribe_website,19560,28766,22.23026087,-,-,-,2556.48,நடப்பிலுள்ள
2023-09-14,2024-08-23,MM_SocialPost_Adset_Insta,active,MM_SocialPost_Adset_Insta,0,ABSOLUTE_OCPM,500,Daily,0,"7-day click or 1-day view",1483,conversions:subscribe_website,259612,762252,24.72983142,-,-,-,36674.34,நடப்பிலுள்ள
2023-09-14,2024-08-23,MM_Gunnar_Adset_Facebook,not_delivering,MM_Gunnar_Adset_Facebook,0,ABSOLUTE_OCPM,"Using campaign budget",0,0,"7-day click or 1-day view",99,conversions:subscribe_website,15521,30318,26.69464646,-,-,-,2642.77,நடப்பிலுள்ள
2023-09-14,2024-08-23,MM_Gunnar_Ad_Insta,not_delivering,MM_Gunnar_Adset_Insta,0,ABSOLUTE_OCPM,"Using campaign budget",0,0,"7-day click or 1-day view",1508,conversions:subscribe_website,286753,618632,24.03157825,"Above average",-,-,36239.62,நடப்பிலுள்ள
2023-09-14,2024-08-23,MM_Motion_Ad_Facebook,inactive,MM_Motion_Adset_Facebook,0,ABSOLUTE_OCPM,"Using campaign budget",0,0,"7-day click or 1-day view",,,13,19,,-,-,-,1.24,நடப்பிலுள்ள
2023-09-14,2024-08-23,MM_Motion_Ad_Insta,not_delivering,MM_Motion_Adset_Insta,0,ABSOLUTE_OCPM,"Using campaign budget",0,0,"7-day click or 1-day view",3498,conversions:subscribe_website,656831,1322371,10.87564037,"Above average",-,-,38042.99,நடப்பிலுள்ள
2023-09-14,2024-08-23,UGC_Video_Ad_Fb,active,UGC_Video_Adset_Fb,0,ABSOLUTE_OCPM,"Using campaign budget",0,0,"7-day click or 1-day view",,,28,29,,-,-,-,1.18,நடப்பிலுள்ள
2023-09-14,2024-08-23,UGC_Video_Ad_Insta,active,UGC_Video_Adset_Insta,0,ABSOLUTE_OCPM,"Using campaign budget",0,0,"7-day click or 1-day view",6069,conversions:subscribe_website,792616,1641308,6.59057176,"Above average",-,-,39998.18,நடப்பிலுள்ள
2023-09-14,2024-08-23,Apple_Video_Ad_Insta,active,Apple_Video_Adset_Insta,0,ABSOLUTE_OCPM,"Using campaign budget",0,0,"7-day click or 1-day view",2054,conversions:subscribe_website,312287,653508,15.70646056,"Above average",-,-,32261.07,நடப்பிலுள்ள
2023-09-14,2024-08-23,Apple_Video_Ad_Fb,active,Apple_Video_Adset_Fb,0,ABSOLUTE_OCPM,"Using campaign budget",0,0,"7-day click or 1-day view",9,conversions:subscribe_website,1005,1986,18.57,Average,-,-,167.13,நடப்பிலுள்ள
2023-09-14,2024-08-23,Dynamic_Static_Ad_Fb,not_delivering,Dynamic_Static_Adset_Fb,0,ABSOLUTE_OCPM,"Using campaign budget",0,0,"7-day click or 1-day view",,,205,253,,-,-,-,19.45,நடப்பிலுள்ள
2023-09-14,2024-08-23,Dynamic_Static_Ad_1_Insta,not_delivering,Dynamic_Static_Adset_Insta,0,ABSOLUTE_OCPM,"Using campaign budget",0,0,"7-day click or 1-day view",454,conversions:subscribe_website,104098,169028,13.01455947,-,-,-,5908.61,நடப்பிலுள்ள
2023-09-14,2024-08-23,UGC_2_Video_Ad,not_delivering,UGC_2_Video_Adset,0,ABSOLUTE_OCPM,"Using campaign budget",0,2024-07-08T08:52:24+0530,"7-day click or 1-day view",40,conversions:subscribe_website,18957,22054,54.777,-,-,-,2191.08,நடப்பிலுள்ள
2023-09-14,2024-08-23,Motion(B)_Video_Ad_FB,not_delivering,Motion(B)_Video_Adset_FB,0,ABSOLUTE_OCPM,"Using campaign budget",0,0,"7-day click or 1-day view",,,244,276,,-,-,-,17.71,நடப்பிலுள்ள
2023-09-14,2024-08-23,Motion(C)_Video_Ad_Insta,active,Motion(C)_Video_Adset_Insta,0,ABSOLUTE_OCPM,"Using campaign budget",0,0,"7-day click or 1-day view",2008,conversions:subscribe_website,471991,753332,14.28931773,"Above average",-,-,28692.95,நடப்பிலுள்ள
2023-09-14,2024-08-23,Motion(C)_Video_Ad_FB,not_delivering,Motion(C)_Video_Adset_FB,0,ABSOLUTE_OCPM,"Using campaign budget",0,0,"7-day click or 1-day view",,,223,277,,-,-,-,14.77,நடப்பிலுள்ள
2023-09-14,2024-08-23,Motion(B)_Video_Ad_Insta,active,Motion(B)_Video_Adset_Insta,0,ABSOLUTE_OCPM,"Using campaign budget",0,0,"7-day click or 1-day view",3446,conversions:subscribe_website,383405,939454,11.09847359,Average,-,-,38245.34,நடப்பிலுள்ள
2023-09-14,2024-08-23,Page_Visitors_UGC_Ad_Fb&Insta,active,Page_Visitors_UGC_Adset_Fb&Insta,0,ABSOLUTE_OCPM,"Using campaign budget",0,0,"7-day click or 1-day view",3055,conversions:subscribe_website,584972,1004796,7.83563666,-,-,-,23937.87,நடப்பிலுள்ள
2023-09-14,2024-08-23,Reddit_Static_Ad_Fb,not_delivering,Reddit_Static_Adset_Fb,0,ABSOLUTE_OCPM,"Using campaign budget",0,0,"7-day click or 1-day view",,,491,633,,-,-,-,31.29,நடப்பிலுள்ள
2023-09-14,2024-08-23,Reddit_Static_Ad_Insta,active,Reddit_Static_Adset_Insta,0,ABSOLUTE_OCPM,"Using campaign budget",0,0,"7-day click or 1-day view",1279,conversions:subscribe_website,254020,565703,22.42557467,-,-,-,28682.31,நடப்பிலுள்ள
2023-09-14,2024-08-23,MM_UGC(B)_Ad,not_delivering,MM_UGC(B)_Adset_FB&Insta,0,ABSOLUTE_OCPM,"Using campaign budget",0,2024-07-15T08:17:07+0530,"7-day click or 1-day view",56,conversions:subscribe_website,20884,26032,59.58303571,Average,-,-,3336.65,நடப்பிலுள்ள
2023-09-14,2024-08-23,MM_RE_Ad_Facebook,not_delivering,MM_RE_Adset_Facebook,0,ABSOLUTE_OCPM,"Using campaign budget",0,0,"7-day click or 1-day view",21,conversions:subscribe_website,4485,7383,37.53095238,-,-,-,788.15,நடப்பிலுள்ள
2023-09-14,2024-08-23,MM_RE_Ad_Insta,not_delivering,MM_RE_Adset_Insta,0,ABSOLUTE_OCPM,"Using campaign budget",0,0,"7-day click or 1-day view",61,conversions:subscribe_website,42775,60157,62.80032787,-,-,-,3830.82,நடப்பிலுள்ள
2023-09-14,2024-08-23,MM_Fevicol_Ad_Facebook,not_delivering,MM_Fevicol_Adset_Facebook,0,ABSOLUTE_OCPM,"Using campaign budget",0,0,"7-day click or 1-day view",,,229,276,,-,-,-,14.54,நடப்பிலுள்ள
2023-09-14,2024-08-23,MM_Fevicol_Ad_Insta,not_delivering,MM_Fevicol_Adset_Insta,0,ABSOLUTE_OCPM,"Using campaign budget",0,0,"7-day click or 1-day view",155,conversions:subscribe_website,78939,110265,29.47219355,-,-,-,4568.19,நடப்பிலுள்ள
2023-09-14,2024-08-23,MM_Motion-2_Video_Ad,active,"New Leads Ad Set",0,ABSOLUTE_OCPM,800,Daily,2024-08-18T11:58:49+0530,"7-day click or 1-day view",318,conversions:subscribe_website,97921,175585,28.89050314,-,-,-,9187.18,நடப்பிலுள்ள
2023-09-14,2024-08-23,Plain_Static_Ad_Insta,inactive,Plain_Static_Adset_Insta,0,ABSOLUTE_OCPM,"Using campaign budget",0,0,"7-day click or 1-day view",150,conversions:subscribe_website,46048,72631,24.574,-,-,-,3686.1,நடப்பிலுள்ள
2023-09-14,2024-08-23,MM_static_Olympic_Ad,active,MM_Static_olympic_Adset,0,ABSOLUTE_OCPM,800,Daily,0,"7-day click or 1-day view",100,conversions:subscribe_website,21843,24342,11.1242,-,-,-,1112.42,நடப்பிலுள்ள
2023-09-14,2024-08-23,MM_static_Ways_Ad,active,MM_Static_Ways_Adset,0,ABSOLUTE_OCPM,800,Daily,0,"7-day click or 1-day view",19,conversions:subscribe_website,18529,20627,58.49368421,Average,-,-,1111.38,நடப்பிலுள்ள
